Agent Name,Timestamp,Driver ID
Ricky,2017-05-08 11:30:03.05+07,1000094
Mamat,2017-05-14 23:16:35.368+07,1001006
Tono,2017-05-11 13:36:37.733+07,1000482
Bayu,2017-05-08 11:12:38.463+07,1000026
Lila,2017-05-09 11:48:13.452+07,1000181
Tono,2017-05-12 12:33:03.14+07,1000620
Ricky,2017-05-08 11:14:34.247+07,1000069
Ricky,2017-05-14 11:38:18.061+07,1000891
Ricky,2017-05-14 12:11:58.665+07,1000913
Sarah,2017-05-08 11:14:32.765+07,1000055
Ricky,2017-05-08 10:43:12.235+07,1000014
Sarah,2017-05-11 17:31:24.058+07,1000520
Mamat,2017-05-14 23:57:36.114+07,1001033
Bayu,2017-05-10 14:24:28.235+07,1000372
Tono,2017-05-10 15:06:37.051+07,1000389
Lila,2017-05-09 14:22:45.177+07,1000283
Ricky,2017-05-08 11:14:35.794+07,1000078
Sarah,2017-05-11 17:55:17.343+07,1000525
Lila,2017-05-09 20:01:39.604+07,1000308
Mamat,2017-05-13 14:28:23.805+07,1000791
Ricky,2017-05-14 12:53:01.771+07,1000921
Ricky,2017-05-14 11:08:27.021+07,1000888
Ricky,2017-05-14 10:44:28.852+07,1000877
Bayu,2017-05-12 11:53:08.197+07,1000617
Lila,2017-05-10 15:47:44.503+07,1000409
Mamat,2017-05-13 15:18:47.55+07,1000800
Ricky,2017-05-12 14:00:23.857+07,1000633
Ricky,2017-05-11 20:02:37.326+07,1000536
Tono,2017-05-10 14:48:00.297+07,1000380
Lila,2017-05-08 11:12:40.8+07,1000045
Lila,2017-05-08 11:14:33.777+07,1000065
Ricky,2017-05-10 13:53:47.829+07,1000368
Lila,2017-05-11 13:34:59.305+07,1000481
Tono,2017-05-12 16:31:11.032+07,1000688
Sarah,2017-05-12 13:46:48.731+07,1000626
Tono,2017-05-12 13:54:32.4+07,1000630
Ricky,2017-05-14 12:32:12.531+07,1000916
Mamat,2017-05-13 15:42:37.384+07,1000804
Sarah,2017-05-08 11:14:34.012+07,1000067
Ricky,2017-05-12 13:51:11.173+07,1000628
Bayu,2017-05-12 14:24:12.823+07,1000643
Lila,2017-05-09 14:09:29.689+07,1000273
Mamat,2017-05-14 23:16:35.066+07,1000999
Tono,2017-05-09 13:56:13.377+07,1000264
Ricky,2017-05-11 20:02:37.239+07,1000534
Bayu,2017-05-11 17:03:38.089+07,1000516
Tono,2017-05-10 11:11:20.146+07,1000330
Lila,2017-05-12 15:46:35.472+07,1000677
Tono,2017-05-08 11:14:32.231+07,1000048
Ricky,2017-05-08 11:25:31.36+07,1000087
Ricky,2017-05-11 23:18:09.047+07,1000566
Tono,2017-05-12 11:19:43.189+07,1000605
Mamat,2017-05-11 13:13:37.183+07,1000476
Tono,2017-05-08 11:14:33.956+07,1000066
Ricky,2017-05-08 13:50:17.57+07,1000120
Sarah,2017-05-09 11:48:13.771+07,1000186
Ricky,2017-05-08 13:23:50.924+07,1000112
Sarah,2017-05-10 14:15:02.768+07,1000371
Ricky,2017-05-13 16:33:02.91+07,1000818
Tono,2017-05-11 15:52:47.944+07,1000509
Ricky,2017-05-14 11:16:41.249+07,1000890
Mamat,2017-05-14 15:12:45.662+07,1000943
Sarah,2017-05-08 16:30:03.312+07,1000141
Lila,2017-05-08 11:25:31.397+07,1000088
Mamat,2017-05-14 23:16:36.306+07,1001019
Ricky,2017-05-14 12:09:24.733+07,1000903
Mamat,2017-05-14 22:54:18.29+07,1000996
Bayu,2017-05-10 11:42:06.332+07,1000342
Mamat,2017-05-13 16:07:13.093+07,1000810
Mamat,2017-05-14 22:07:40.653+07,1000990
Mamat,2017-05-14 20:04:28.029+07,1000972
Mamat,2017-05-14 20:34:29.017+07,1000978
Tono,2017-05-10 11:36:02.759+07,1000340
Bayu,2017-05-08 11:12:40.895+07,1000047
Lila,2017-05-10 14:45:31.276+07,1000379
Ricky,2017-05-12 20:35:31.445+07,1000715
Ricky,2017-05-10 13:15:36.686+07,1000358
Lila,2017-05-08 11:14:36.299+07,1000082
Bayu,2017-05-12 15:22:04.908+07,1000665
Mamat,2017-05-13 16:17:02.778+07,1000815
Mamat,2017-05-14 14:49:09.392+07,1000940
Ricky,2017-05-14 12:08:42.094+07,1000895
Lila,2017-05-11 10:16:06.031+07,1000460
Bayu,2017-05-12 14:11:21.187+07,1000638
Ricky,2017-05-09 13:36:28.793+07,1000257
Ricky,2017-05-14 13:40:44.754+07,1000928
Lila,2017-05-11 17:53:22.028+07,1000523
Tono,2017-05-12 16:27:30.535+07,1000683
Bayu,2017-05-09 14:30:04.952+07,1000291
Mamat,2017-05-14 22:01:02.619+07,1000987
Lila,2017-05-10 11:10:42.239+07,1000329
Lila,2017-05-10 15:28:41.572+07,1000399
Bayu,2017-05-09 11:03:07.659+07,1000151
Mamat,2017-05-13 12:13:01.976+07,1000774
Lila,2017-05-12 14:32:06.502+07,1000645
Sarah,2017-05-08 11:12:40.286+07,1000041
Mamat,2017-05-14 17:58:02.201+07,1000962
Lila,2017-05-08 11:12:38.432+07,1000025
Ricky,2017-05-10 23:17:38.021+07,1000454
Ricky,2017-05-08 13:13:45.059+07,1000108
Mamat,2017-05-13 15:53:15.515+07,1000808
Bayu,2017-05-12 13:50:24.951+07,1000627
Tono,2017-05-10 13:21:04.733+07,1000360
Ricky,2017-05-14 12:09:27.468+07,1000910
Sarah,2017-05-08 11:12:38.764+07,1000030
Lila,2017-05-11 18:16:55.58+07,1000528
Mamat,2017-05-13 10:21:02.622+07,1000751
Mamat,2017-05-14 23:16:35.396+07,1001007
Lila,2017-05-10 13:40:19.944+07,1000364
Mamat,2017-05-14 23:57:36.136+07,1001034
Mamat,2017-05-14 23:57:35.791+07,1001029
Mamat,2017-05-14 23:14:01.937+07,1000997
Sarah,2017-05-12 16:33:46.749+07,1000689
Bayu,2017-05-09 12:19:02.875+07,1000233
Lila,2017-05-11 17:18:01.359+07,1000518
Ricky,2017-05-10 18:43:26.44+07,1000438
Tono,2017-05-10 17:43:23.802+07,1000435
Ricky,2017-05-11 23:18:09.061+07,1000568
Mamat,2017-05-14 18:32:35.351+07,1000965
Tono,2017-05-12 11:26:48.113+07,1000615
Bayu,2017-05-08 16:24:35.777+07,1000140
Ricky,2017-05-11 23:18:08.688+07,1000556
Ricky,2017-05-12 23:54:51.472+07,1000746
Lila,2017-05-09 11:17:43.203+07,1000160
Sarah,2017-05-10 14:34:04.324+07,1000376
Ricky,2017-05-10 17:25:46.377+07,1000428
Tono,2017-05-08 13:37:01.626+07,1000116
Sarah,2017-05-09 11:48:13.499+07,1000182
Ricky,2017-05-11 23:18:10.084+07,1000590
Ricky,2017-05-13 17:55:22.514+07,1000828
Tono,2017-05-08 11:14:32.255+07,1000049
Ricky,2017-05-11 23:18:08.944+07,1000561
Mamat,2017-05-14 23:16:36.718+07,1001023
Lila,2017-05-08 11:12:39.062+07,1000033
Mamat,2017-05-14 15:36:42.626+07,1000945
Tono,2017-05-10 13:42:10.316+07,1000365
Sarah,2017-05-11 13:37:17.047+07,1000483
Lila,2017-05-10 11:22:30.19+07,1000334
Bayu,2017-05-11 14:54:37.512+07,1000500
Mamat,2017-05-14 23:16:35.298+07,1001005
Tono,2017-05-10 16:23:00.997+07,1000420
Sarah,2017-05-08 13:29:55.712+07,1000113
Mamat,2017-05-14 17:52:23.915+07,1000959
Mamat,2017-05-13 15:01:03.806+07,1000796
Sarah,2017-05-11 10:28:22.892+07,1000462
Mamat,2017-05-13 15:55:07.589+07,1000809
Tono,2017-05-11 14:53:19.573+07,1000498
Mamat,2017-05-14 23:57:35.878+07,1001030
Lila,2017-05-11 19:58:57.936+07,1000533
Bayu,2017-05-08 11:14:33.585+07,1000062
Lila,2017-05-08 10:59:43.204+07,1000016
Bayu,2017-05-08 13:16:07.867+07,1000109
Ricky,2017-05-12 19:43:31.915+07,1000706
Ricky,2017-05-10 16:22:11.17+07,1000418
Ricky,2017-05-12 20:46:27.206+07,1000717
Ricky,2017-05-11 23:18:09.716+07,1000583
Bayu,2017-05-12 11:26:47.719+07,1000612
Bayu,2017-05-10 11:17:41.357+07,1000332
Bayu,2017-05-09 14:30:03.48+07,1000287
Ricky,2017-05-13 20:03:43.827+07,1000858
Ricky,2017-05-08 13:33:22.133+07,1000114
Ricky,2017-05-09 14:21:21.223+07,1000282
Ricky,2017-05-08 11:25:42.089+07,1000090
Mamat,2017-05-14 16:05:45.781+07,1000949
Ricky,2017-05-13 16:24:05.737+07,1000817
Ricky,2017-05-09 23:17:45.305+07,1000314
Mamat,2017-05-13 12:25:50.987+07,1000777
Bayu,2017-05-10 15:10:18.398+07,1000391
Ricky,2017-05-10 21:09:59.323+07,1000449
Lila,2017-05-08 12:11:39.137+07,1000102
Bayu,2017-05-11 19:17:35.602+07,1000531
Tono,2017-05-08 11:14:35.843+07,1000079
Mamat,2017-05-13 16:15:54.208+07,1000814
Sarah,2017-05-10 15:34:11.933+07,1000406
Ricky,2017-05-13 17:14:02.999+07,1000824
Ricky,2017-05-08 11:14:33.746+07,1000064
Ricky,2017-05-12 23:16:32.356+07,1000738
Ricky,2017-05-12 11:24:28.415+07,1000607
Tono,2017-05-09 13:18:39.17+07,1000244
Sarah,2017-05-09 11:48:12.542+07,1000170
Tono,2017-05-08 14:20:21.299+07,1000132
Mamat,2017-05-14 23:16:35.969+07,1001013
Lila,2017-05-09 11:48:15.559+07,1000213
Tono,2017-05-12 15:27:54.887+07,1000668
Lila,2017-05-12 16:52:17.092+07,1000692
Ricky,2017-05-13 20:17:23.056+07,1000864
Mamat,2017-05-13 14:04:34.049+07,1000788
Bayu,2017-05-10 13:11:58.358+07,1000357
Sarah,2017-05-08 12:38:40.352+07,1000105
Lila,2017-05-10 17:27:02.854+07,1000429
Mamat,2017-05-14 20:04:27.886+07,1000970
Tono,2017-05-11 12:48:58.198+07,1000471
Ricky,2017-05-10 13:35:44.688+07,1000363
Ricky,2017-05-14 10:43:34.277+07,1000876
Sarah,2017-05-09 14:05:32.933+07,1000270
Mamat,2017-05-14 23:16:35.245+07,1001003
Lila,2017-05-08 12:40:00.858+07,1000106
Tono,2017-05-09 13:12:07.662+07,1000239
Bayu,2017-05-08 11:14:32.7+07,1000053
Ricky,2017-05-11 13:33:55.487+07,1000480
Mamat,2017-05-13 10:55:03.499+07,1000756
Ricky,2017-05-11 23:18:08.986+07,1000563
Ricky,2017-05-09 19:39:51.311+07,1000307
Tono,2017-05-09 11:05:49.131+07,1000154
Ricky,2017-05-08 15:04:16.079+07,1000137
Mamat,2017-05-14 14:39:16.092+07,1000937
Bayu,2017-05-09 14:12:16.699+07,1000276
Bayu,2017-05-08 14:23:16.969+07,1000133
Tono,2017-05-08 10:32:45.259+07,1000011
Sarah,2017-05-12 11:32:11.156+07,1000616
Ricky,2017-05-14 10:38:41.68+07,1000874
Sarah,2017-05-11 11:27:25.951+07,1000467
Ricky,2017-05-11 10:09:07.643+07,1000459
Ricky,2017-05-11 23:18:09.358+07,1000579
Ricky,2017-05-11 23:16:58.132+07,1000554
Ricky,2017-05-12 21:30:32.781+07,1000723
Sarah,2017-05-08 11:38:13.055+07,1000096
Bayu,2017-05-09 13:28:30.052+07,1000251
Ricky,2017-05-12 23:16:31.582+07,1000735
Mamat,2017-05-14 20:04:28.09+07,1000974
Bayu,2017-05-09 11:10:17.226+07,1000159
Ricky,2017-05-09 23:17:44.921+07,1000313
Bayu,2017-05-11 14:38:23.102+07,1000495
Lila,2017-05-11 15:14:11.768+07,1000502
Tono,2017-05-08 11:31:18.634+07,1000095
Sarah,2017-05-09 13:19:45.733+07,1000245
Ricky,2017-05-08 11:14:36.249+07,1000081
Ricky,2017-05-10 14:25:12.022+07,1000373
Ricky,2017-05-08 21:17:46.601+07,1000143
Mamat,2017-05-14 20:04:28.069+07,1000973
Ricky,2017-05-12 15:14:23.372+07,1000659
Mamat,2017-05-14 21:30:52.759+07,1000981
Ricky,2017-05-14 12:09:27.441+07,1000909
Ricky,2017-05-13 18:09:25.96+07,1000830
Tono,2017-05-09 13:40:58.045+07,1000259
Ricky,2017-05-13 17:08:38.823+07,1000823
Bayu,2017-05-12 17:16:05.645+07,1000695
Mamat,2017-05-13 10:13:29.094+07,1000749
Lila,2017-05-09 14:16:28.725+07,1000278
Ricky,2017-05-12 20:23:56.964+07,1000710
Mamat,2017-05-08 11:14:32.733+07,1000054
Sarah,2017-05-12 17:57:35.296+07,1000699
Bayu,2017-05-09 13:59:26.861+07,1000266
Ricky,2017-05-10 22:48:43.287+07,1000451
Tono,2017-05-11 13:19:19.804+07,1000477
Ricky,2017-05-14 12:22:09.898+07,1000914
Bayu,2017-05-08 12:28:21.209+07,1000103
Sarah,2017-05-09 14:56:59.956+07,1000295
Ricky,2017-05-13 19:59:51.268+07,1000852
Lila,2017-05-11 11:04:50.166+07,1000465
Mamat,2017-05-10 15:16:50.944+07,1000394
Ricky,2017-05-11 19:22:09.289+07,1000532
Bayu,2017-05-09 14:06:40.741+07,1000271
Mamat,2017-05-13 14:11:49.625+07,1000789
Ricky,2017-05-13 19:59:51.079+07,1000848
Ricky,2017-05-12 11:57:26.471+07,1000618
Bayu,2017-05-10 14:50:00.205+07,1000382
Ricky,2017-05-12 15:23:30.588+07,1000666
Mamat,2017-05-14 23:16:35.454+07,1001008
Ricky,2017-05-10 20:00:37.033+07,1000445
Bayu,2017-05-12 15:33:03.478+07,1000670
Mamat,2017-05-14 20:30:08.912+07,1000976
Mamat,2017-05-12 15:18:12.182+07,1000662
Tono,2017-05-09 11:48:15.935+07,1000221
Sarah,2017-05-09 11:48:14.677+07,1000199
Ricky,2017-05-11 20:13:58.433+07,1000543
Ricky,2017-05-13 16:45:03.17+07,1000819
Ricky,2017-05-12 11:01:42.216+07,1000603
Sarah,2017-05-12 14:36:03.991+07,1000647
Ricky,2017-05-14 13:42:58.603+07,1000930
Ricky,2017-05-12 20:20:00.341+07,1000709
Ricky,2017-05-08 23:12:46.601+07,1000148
Ricky,2017-05-11 23:18:09.955+07,1000589
Ricky,2017-05-12 20:25:22.135+07,1000712
Ricky,2017-05-14 11:02:20.625+07,1000883
Ricky,2017-05-10 15:10:41.788+07,1000392
Bayu,2017-05-10 13:35:09.095+07,1000362
Tono,2017-05-11 17:27:02.446+07,1000519
Sarah,2017-05-12 15:08:26.86+07,1000657
Lila,2017-05-08 11:12:40.75+07,1000043
Ricky,2017-05-08 11:02:23.513+07,1000018
Sarah,2017-05-08 11:14:35.36+07,1000076
Mamat,2017-05-14 17:57:03.027+07,1000961
Bayu,2017-05-11 17:32:27.087+07,1000521
Mamat,2017-05-14 20:04:02.869+07,1000969
Mamat,2017-05-14 13:53:55.933+07,1000933
Mamat,2017-05-14 23:21:10.83+07,1001027
Tono,2017-05-08 11:14:34.498+07,1000071
Ricky,2017-05-09 14:30:03.458+07,1000286
Sarah,2017-05-08 10:20:06.697+07,1000007
Bayu,2017-05-12 11:00:05.729+07,1000602
Bayu,2017-05-11 13:02:34.762+07,1000473
Ricky,2017-05-14 12:55:04.572+07,1000922
Ricky,2017-05-14 10:35:47.271+07,1000872
Lila,2017-05-12 16:30:14.609+07,1000687
Ricky,2017-05-14 10:01:50.656+07,1000867
Ricky,2017-05-08 22:57:46.601+07,1000146
Sarah,2017-05-09 12:09:28.145+07,1000227
Mamat,2017-05-14 23:16:35.544+07,1001010
Ricky,2017-05-08 14:03:46.335+07,1000127
Tono,2017-05-12 16:58:02.777+07,1000693
Mamat,2017-05-13 11:31:16.97+07,1000765
Ricky,2017-05-14 13:00:01.789+07,1000924
Sarah,2017-05-11 10:03:52.568+07,1000457
Mamat,2017-05-14 22:28:02.49+07,1000992
Mamat,2017-05-14 23:16:35.758+07,1001011
Ricky,2017-05-08 13:56:05.845+07,1000125
Tono,2017-05-12 15:50:01.48+07,1000678
Ricky,2017-05-09 13:23:01.699+07,1000247
Mamat,2017-05-14 22:07:02.127+07,1000989
Mamat,2017-05-14 17:40:20.745+07,1000957
Mamat,2017-05-14 23:16:35.213+07,1001002
Ricky,2017-05-10 11:18:10.529+07,1000333
Lila,2017-05-09 14:42:26.477+07,1000293
Ricky,2017-05-13 19:10:38.564+07,1000839
Ricky,2017-05-11 23:18:10.301+07,1000592
Ricky,2017-05-11 18:01:48.014+07,1000527
Mamat,2017-05-14 13:54:38.138+07,1000934
Ricky,2017-05-10 15:56:24.2+07,1000413
Mamat,2017-05-13 11:15:11.71+07,1000760
Ricky,2017-05-14 12:08:42.067+07,1000894
Lila,2017-05-09 13:39:59.116+07,1000258
Tono,2017-05-12 14:06:51.961+07,1000636
Lila,2017-05-08 13:03:18.712+07,1000107
Ricky,2017-05-13 18:34:02.528+07,1000834
Tono,2017-05-08 10:38:01.234+07,1000013
Ricky,2017-05-09 11:48:15.426+07,1000211
Lila,2017-05-09 11:52:21.377+07,1000225
Lila,2017-05-12 11:16:15.863+07,1000604
Ricky,2017-05-11 20:04:43.114+07,1000541
Ricky,2017-05-13 19:59:51.387+07,1000854
Ricky,2017-05-14 10:54:13.584+07,1000881
Ricky,2017-05-14 10:42:45.354+07,1000875
Tono,2017-05-09 11:48:12.962+07,1000175
Tono,2017-05-11 15:15:29.875+07,1000504
Bayu,2017-05-08 10:12:21.143+07,1000003
Ricky,2017-05-11 23:18:09.478+07,1000580
Ricky,2017-05-08 11:53:09.302+07,1000099
Tono,2017-05-11 18:19:10.609+07,1000529
Ricky,2017-05-11 23:18:10.327+07,1000593
Sarah,2017-05-10 16:22:10.897+07,1000416
Ricky,2017-05-14 12:45:58.619+07,1000918
Ricky,2017-05-11 23:18:09.76+07,1000584
Tono,2017-05-10 18:52:41.849+07,1000440
Bayu,2017-05-10 16:22:10.904+07,1000417
Sarah,2017-05-12 15:58:44.784+07,1000679
Sarah,2017-05-12 11:26:47.628+07,1000611
Mamat,2017-05-14 23:16:36.829+07,1001024
Mamat,2017-05-12 14:02:39.868+07,1000635
Tono,2017-05-12 15:06:58.087+07,1000656
Sarah,2017-05-10 16:31:33.17+07,1000421
Tono,2017-05-12 11:26:47.558+07,1000610
Ricky,2017-05-12 21:04:26.974+07,1000718
Ricky,2017-05-12 18:22:29.016+07,1000701
Bayu,2017-05-09 11:48:15.738+07,1000217
Lila,2017-05-09 13:53:50.279+07,1000263
Lila,2017-05-10 17:06:15.947+07,1000424
Sarah,2017-05-09 13:28:21.971+07,1000250
Mamat,2017-05-11 15:14:30.088+07,1000503
Mamat,2017-05-14 23:16:36.279+07,1001018
Ricky,2017-05-10 15:30:38.472+07,1000403
Bayu,2017-05-10 12:42:03.553+07,1000352
Lila,2017-05-10 15:56:58.747+07,1000414
Ricky,2017-05-14 12:08:44.378+07,1000901
Ricky,2017-05-11 20:02:37.311+07,1000535
Ricky,2017-05-09 12:50:32.31+07,1000234
Bayu,2017-05-08 11:25:31.487+07,1000089
Ricky,2017-05-11 23:18:09.855+07,1000586
Ricky,2017-05-14 11:07:51.096+07,1000887
Ricky,2017-05-13 19:04:55.08+07,1000837
Mamat,2017-05-13 14:33:29.355+07,1000793
Ricky,2017-05-13 18:18:13.956+07,1000833
Mamat,2017-05-13 11:54:12.767+07,1000767
Ricky,2017-05-14 10:36:59.292+07,1000873
Ricky,2017-05-08 11:12:38.735+07,1000029
Ricky,2017-05-08 21:43:46.601+07,1000144
Tono,2017-05-12 15:37:03.984+07,1000673
Lila,2017-05-09 14:30:04.195+07,1000288
Mamat,2017-05-08 13:33:55.721+07,1000115
Ricky,2017-05-13 18:16:17.893+07,1000832
Ricky,2017-05-14 12:09:27.322+07,1000908
Ricky,2017-05-12 22:31:31.929+07,1000728
Mamat,2017-05-14 23:57:35.931+07,1001031
Mamat,2017-05-14 22:01:02.638+07,1000988
Bayu,2017-05-10 12:19:31.082+07,1000347
Ricky,2017-05-14 12:40:55.044+07,1000917
Ricky,2017-05-08 10:13:31.353+07,1000004
Ricky,2017-05-14 12:08:44.208+07,1000898
Lila,2017-05-11 14:44:43.384+07,1000497
Tono,2017-05-10 15:29:02.521+07,1000400
Lila,2017-05-12 11:26:44.951+07,1000609
Sarah,2017-05-09 14:11:59.873+07,1000275
Bayu,2017-05-08 11:14:34.79+07,1000073
Lila,2017-05-08 13:54:11.109+07,1000123
Ricky,2017-05-11 23:18:08.991+07,1000564
Bayu,2017-05-08 10:51:03.529+07,1000015
Sarah,2017-05-09 11:05:15.82+07,1000153
Bayu,2017-05-10 11:05:10.104+07,1000327
Tono,2017-05-10 14:08:47.755+07,1000370
Lila,2017-05-10 10:47:29.649+07,1000324
Ricky,2017-05-14 11:04:54.527+07,1000884
Lila,2017-05-09 13:26:02.404+07,1000248
Sarah,2017-05-09 11:48:14.169+07,1000190
Mamat,2017-05-13 10:35:21.797+07,1000752
Sarah,2017-05-10 11:11:44.181+07,1000331
Ricky,2017-05-12 22:28:00.423+07,1000727
Ricky,2017-05-12 15:36:02.944+07,1000671
Ricky,2017-05-11 23:18:08.811+07,1000560
Bayu,2017-05-09 11:48:14.219+07,1000191
Mamat,2017-05-14 16:22:57.02+07,1000954
Ricky,2017-05-09 14:34:02.677+07,1000292
Sarah,2017-05-08 11:12:39.464+07,1000037
Mamat,2017-05-09 13:08:33.046+07,1000237
Sarah,2017-05-09 13:58:13.659+07,1000265
Bayu,2017-05-09 11:48:13.949+07,1000188
Bayu,2017-05-11 17:56:31.831+07,1000526
Mamat,2017-05-13 10:04:55.976+07,1000747
Sarah,2017-05-08 11:14:34.726+07,1000072
Ricky,2017-05-11 23:18:09.692+07,1000582
Ricky,2017-05-14 12:09:27.233+07,1000906
Ricky,2017-05-10 19:57:40.748+07,1000443
Sarah,2017-05-12 14:09:13.406+07,1000637
Lila,2017-05-10 11:56:55.03+07,1000344
Ricky,2017-05-11 21:13:02.441+07,1000546
Tono,2017-05-10 15:21:14.147+07,1000395
Lila,2017-05-09 17:14:03.031+07,1000303
Ricky,2017-05-13 17:17:02.187+07,1000825
Sarah,2017-05-08 11:12:38.328+07,1000023
Sarah,2017-05-09 11:28:01.053+07,1000162
Sarah,2017-05-08 10:01:57.382+07,1000001
Sarah,2017-05-09 11:48:15.969+07,1000222
Sarah,2017-05-11 12:58:56.316+07,1000472
Sarah,2017-05-12 16:28:14.035+07,1000684
Ricky,2017-05-09 20:47:15.471+07,1000310
Ricky,2017-05-11 23:18:08.713+07,1000557
Ricky,2017-05-12 20:23:56.966+07,1000711
Mamat,2017-05-14 23:16:36.169+07,1001016
Tono,2017-05-10 15:32:02.651+07,1000405
Ricky,2017-05-13 19:11:34.471+07,1000840
Sarah,2017-05-12 15:20:12.472+07,1000664
Mamat,2017-05-13 16:20:25.143+07,1000816
Mamat,2017-05-13 15:08:58.607+07,1000798
Ricky,2017-05-09 14:07:15.301+07,1000272
Tono,2017-05-10 12:39:11.696+07,1000350
Ricky,2017-05-14 12:11:58.434+07,1000911
Ricky,2017-05-11 23:18:09.339+07,1000578
Mamat,2017-05-14 13:50:52.491+07,1000931
Ricky,2017-05-14 12:46:57.435+07,1000920
Ricky,2017-05-12 11:26:47.854+07,1000613
Mamat,2017-05-13 10:52:34.074+07,1000755
Ricky,2017-05-11 14:24:04.084+07,1000490
Mamat,2017-05-13 10:40:00.211+07,1000753
Mamat,2017-05-13 11:17:32.553+07,1000762
Ricky,2017-05-10 15:04:34.082+07,1000387
Mamat,2017-05-14 22:01:02.53+07,1000985
Lila,2017-05-12 15:06:53.136+07,1000655
Mamat,2017-05-13 12:39:19.738+07,1000779
Ricky,2017-05-11 20:02:37.374+07,1000538
Tono,2017-05-11 10:22:18.575+07,1000461
Ricky,2017-05-13 18:10:29.47+07,1000831
Ricky,2017-05-11 23:18:09.24+07,1000572
Ricky,2017-05-13 20:15:22.997+07,1000862
Lila,2017-05-08 13:42:37.467+07,1000118
Ricky,2017-05-10 12:36:06.264+07,1000348
Mamat,2017-05-14 20:00:02.4+07,1000968
Mamat,2017-05-13 14:56:11.091+07,1000794
Lila,2017-05-09 15:45:25.297+07,1000298
Lila,2017-05-11 15:40:34.432+07,1000508
Tono,2017-05-11 14:31:40.791+07,1000493
Tono,2017-05-09 11:48:13.581+07,1000183
Ricky,2017-05-14 12:58:42.985+07,1000923
Tono,2017-05-11 11:24:08.299+07,1000466
Mamat,2017-05-14 17:40:11.685+07,1000956
Ricky,2017-05-14 11:05:07.018+07,1000885
Lila,2017-05-10 14:56:09.123+07,1000384
Mamat,2017-05-13 15:45:28.771+07,1000805
Bayu,2017-05-08 11:14:32.282+07,1000050
Ricky,2017-05-14 10:15:01.173+07,1000871
Lila,2017-05-09 11:48:12.796+07,1000173
Tono,2017-05-08 11:14:33.333+07,1000060
Bayu,2017-05-08 11:12:38.953+07,1000031
Ricky,2017-05-11 23:18:09.29+07,1000574
Lila,2017-05-11 12:27:51.441+07,1000470
Ricky,2017-05-11 20:02:37.423+07,1000539
Ricky,2017-05-11 23:18:08.767+07,1000558
Tono,2017-05-12 14:23:18.129+07,1000641
Ricky,2017-05-14 12:09:24.703+07,1000902
Sarah,2017-05-10 15:25:02.81+07,1000396
Sarah,2017-05-11 18:29:02.884+07,1000530
Lila,2017-05-09 11:41:41.244+07,1000165
Ricky,2017-05-12 22:45:45.185+07,1000729
Mamat,2017-05-09 11:48:14.305+07,1000194
Sarah,2017-05-10 12:01:28.946+07,1000346
Ricky,2017-05-14 13:41:10.438+07,1000929
Bayu,2017-05-10 16:33:34.755+07,1000422
Bayu,2017-05-10 15:03:26.987+07,1000386
Bayu,2017-05-09 13:36:08.941+07,1000256
Ricky,2017-05-12 21:49:26.066+07,1000725
Sarah,2017-05-08 13:57:32.583+07,1000126
Ricky,2017-05-11 23:18:10.468+07,1000596
Mamat,2017-05-14 16:14:01.207+07,1000951
Bayu,2017-05-09 11:48:12.363+07,1000168
Ricky,2017-05-11 23:18:09.319+07,1000575
Mamat,2017-05-13 12:13:18.194+07,1000775
Sarah,2017-05-10 13:05:53.403+07,1000356
Ricky,2017-05-12 22:53:53.502+07,1000730
Ricky,2017-05-08 11:12:40.848+07,1000046
Lila,2017-05-10 12:38:24.359+07,1000349
Mamat,2017-05-13 13:44:16.212+07,1000786
Ricky,2017-05-12 16:18:55.091+07,1000681
Ricky,2017-05-12 21:44:41.511+07,1000724
Ricky,2017-05-13 20:23:28.833+07,1000865
Sarah,2017-05-11 13:19:58.955+07,1000478
Bayu,2017-05-10 11:29:03.304+07,1000337
Ricky,2017-05-08 11:22:11.91+07,1000086
Tono,2017-05-08 10:26:56.071+07,1000010
Ricky,2017-05-10 23:17:39.211+07,1000456
Ricky,2017-05-12 22:19:10.369+07,1000726
Ricky,2017-05-13 18:56:02.74+07,1000836
Ricky,2017-05-10 14:55:22.915+07,1000383
Ricky,2017-05-08 10:17:56.801+07,1000005
Sarah,2017-05-08 11:14:33.717+07,1000063
Bayu,2017-05-09 13:44:34.276+07,1000261
Bayu,2017-05-12 16:16:02.606+07,1000680
Sarah,2017-05-10 17:52:03.933+07,1000436
Lila,2017-05-08 11:12:39.882+07,1000040
Mamat,2017-05-13 12:44:25.089+07,1000781
Tono,2017-05-09 12:13:08.415+07,1000231
Ricky,2017-05-11 23:18:09.596+07,1000581
Ricky,2017-05-13 19:44:57.708+07,1000844
Tono,2017-05-08 14:09:03.789+07,1000128
Mamat,2017-05-14 23:16:01.5+07,1000998
Ricky,2017-05-11 23:06:20.542+07,1000553
Mamat,2017-05-14 14:46:25.259+07,1000938
Bayu,2017-05-09 16:35:02.668+07,1000301
Bayu,2017-05-09 19:00:08.925+07,1000306
Sarah,2017-05-09 13:41:51.141+07,1000260
Mamat,2017-05-13 16:14:30.727+07,1000812
Mamat,2017-05-14 20:36:35.552+07,1000979
Mamat,2017-05-14 21:02:02.109+07,1000980
Lila,2017-05-12 13:54:02.636+07,1000629
Bayu,2017-05-09 11:48:25.606+07,1000223
Mamat,2017-05-13 13:13:00.878+07,1000785
Lila,2017-05-10 13:16:27.946+07,1000359
Ricky,2017-05-11 13:03:20.866+07,1000474
Mamat,2017-05-14 14:38:44.875+07,1000936
Sarah,2017-05-10 11:02:55.633+07,1000326
Ricky,2017-05-11 22:33:47.701+07,1000552
Mamat,2017-05-13 14:33:02.946+07,1000792
Mamat,2017-05-14 21:32:02.583+07,1000983
Bayu,2017-05-09 11:48:13.711+07,1000184
Tono,2017-05-12 14:32:19.014+07,1000646
Ricky,2017-05-11 20:02:37.353+07,1000537
Ricky,2017-05-14 10:08:17.014+07,1000869
Bayu,2017-05-10 13:51:08.516+07,1000367
Ricky,2017-05-11 23:18:09.061+07,1000567
Bayu,2017-05-09 11:48:12.741+07,1000172
Lila,2017-05-10 18:48:57.444+07,1000439
Ricky,2017-05-11 23:18:08.789+07,1000559
Ricky,2017-05-08 11:12:39.446+07,1000036
Ricky,2017-05-13 17:42:59.143+07,1000826
Bayu,2017-05-10 14:37:40.444+07,1000377
Lila,2017-05-09 11:48:15.106+07,1000206
Mamat,2017-05-14 23:16:35.083+07,1001000
Ricky,2017-05-11 17:06:04.794+07,1000517
Tono,2017-05-08 11:14:33.064+07,1000057
Bayu,2017-05-08 11:28:44.562+07,1000092
Lila,2017-05-12 15:25:12.917+07,1000667
Sarah,2017-05-09 14:30:00.869+07,1000285
Tono,2017-05-08 11:12:38.963+07,1000032
Ricky,2017-05-11 23:18:09.265+07,1000573
Ricky,2017-05-13 18:45:53.644+07,1000835
Bayu,2017-05-08 14:09:24.037+07,1000129
Ricky,2017-05-14 13:39:33.52+07,1000927
Tono,2017-05-09 14:04:56.709+07,1000269
Tono,2017-05-08 13:51:44.689+07,1000122
Bayu,2017-05-08 11:14:33.284+07,1000058
Bayu,2017-05-09 11:40:16.888+07,1000164
Tono,2017-05-11 13:49:32.504+07,1000487
Mamat,2017-05-14 22:13:02.458+07,1000991
Mamat,2017-05-13 12:41:57.419+07,1000780
Ricky,2017-05-12 23:17:11.326+07,1000744
Mamat,2017-05-14 20:31:02.639+07,1000977
Mamat,2017-05-14 14:49:08.049+07,1000939
Ricky,2017-05-11 23:18:09.83+07,1000585
Ricky,2017-05-09 14:01:20.238+07,1000267
Sarah,2017-05-09 11:48:15.713+07,1000216
Tono,2017-05-08 11:50:44.816+07,1000098
Ricky,2017-05-13 20:03:43.744+07,1000857
Ricky,2017-05-14 10:12:03.285+07,1000870
Bayu,2017-05-08 11:14:34.209+07,1000068
Tono,2017-05-09 11:48:13.269+07,1000179
Sarah,2017-05-10 13:45:37.867+07,1000366
Ricky,2017-05-13 19:31:02.559+07,1000842
Ricky,2017-05-08 11:27:02.16+07,1000091
Ricky,2017-05-11 13:39:15.926+07,1000485
Mamat,2017-05-14 23:16:35.105+07,1001001
Mamat,2017-05-14 23:16:36.909+07,1001026
Ricky,2017-05-09 16:53:14.312+07,1000302
Bayu,2017-05-12 15:10:39.527+07,1000658
Tono,2017-05-10 11:29:03.062+07,1000335
Ricky,2017-05-12 16:29:40.022+07,1000686
Ricky,2017-05-09 13:52:59.771+07,1000262
Sarah,2017-05-10 13:24:41.531+07,1000361
Bayu,2017-05-12 19:40:34.739+07,1000705
Tono,2017-05-10 11:58:30.191+07,1000345
Mamat,2017-05-14 17:59:50.281+07,1000963
Ricky,2017-05-09 22:40:31.151+07,1000312
Mamat,2017-05-13 11:24:27.153+07,1000763
Bayu,2017-05-12 16:39:00.752+07,1000690
Lila,2017-05-09 11:07:16.881+07,1000156
Ricky,2017-05-08 11:15:48.819+07,1000084
Sarah,2017-05-12 14:56:02.209+07,1000652
Mamat,2017-05-13 12:13:01.799+07,1000771
Bayu,2017-05-09 15:27:52.731+07,1000296
Bayu,2017-05-09 11:48:14.508+07,1000197
Lila,2017-05-12 14:00:57.546+07,1000634
Tono,2017-05-09 11:48:14.461+07,1000196
Ricky,2017-05-12 20:04:18.106+07,1000708
Mamat,2017-05-14 16:14:26.581+07,1000952
Lila,2017-05-12 15:14:50.355+07,1000660
Tono,2017-05-09 17:17:51.585+07,1000304
Bayu,2017-05-12 11:24:28.43+07,1000608
Lila,2017-05-12 17:30:16.833+07,1000697
Tono,2017-05-09 11:48:14.998+07,1000204
Ricky,2017-05-10 15:43:02.568+07,1000408
Ricky,2017-05-11 12:11:12.297+07,1000469
Lila,2017-05-08 14:11:03.008+07,1000130
Ricky,2017-05-12 15:44:45.13+07,1000676
Ricky,2017-05-13 19:59:51.061+07,1000847
Ricky,2017-05-11 10:45:15.047+07,1000464
Tono,2017-05-10 15:53:39.108+07,1000410
Ricky,2017-05-14 12:31:38.328+07,1000915
Mamat,2017-05-13 15:35:02.841+07,1000802
Mamat,2017-05-14 23:16:35.271+07,1001004
Ricky,2017-05-12 23:16:31.834+07,1000736
Sarah,2017-05-09 16:04:43.125+07,1000300
Ricky,2017-05-14 13:38:24.929+07,1000926
Ricky,2017-05-08 11:12:38.153+07,1000022
Tono,2017-05-08 14:32:04.118+07,1000135
Ricky,2017-05-08 12:06:42.59+07,1000101
Sarah,2017-05-08 11:14:36.005+07,1000080
Tono,2017-05-09 11:48:13.931+07,1000187
Lila,2017-05-09 11:48:14.266+07,1000193
Ricky,2017-05-09 12:09:28.611+07,1000229
Ricky,2017-05-14 10:45:46.89+07,1000878
Lila,2017-05-10 14:27:01.24+07,1000374
Lila,2017-05-08 11:01:12.059+07,1000017
Mamat,2017-05-14 23:16:35.511+07,1001009
Mamat,2017-05-13 11:54:09.803+07,1000766
Sarah,2017-05-09 17:55:40.487+07,1000305
Mamat,2017-05-13 12:11:50.855+07,1000769
Ricky,2017-05-12 14:16:02.54+07,1000639
Bayu,2017-05-09 11:06:17.098+07,1000155
Ricky,2017-05-08 11:14:32.463+07,1000051
Mamat,2017-05-13 15:12:58.609+07,1000799
Lila,2017-05-12 19:02:30.772+07,1000702
Tono,2017-05-08 11:14:36.482+07,1000083
Ricky,2017-05-14 11:12:08.406+07,1000889
Sarah,2017-05-08 11:14:33.518+07,1000061
Mamat,2017-05-14 22:51:17.519+07,1000995
Mamat,2017-05-14 23:57:35.987+07,1001032
Ricky,2017-05-11 23:18:09.137+07,1000570
Lila,2017-05-09 11:48:15.55+07,1000212
Ricky,2017-05-12 23:16:31.164+07,1000734
Sarah,2017-05-08 14:28:03.094+07,1000134
Mamat,2017-05-14 16:07:44.022+07,1000950
Ricky,2017-05-09 20:28:24.618+07,1000309
Ricky,2017-05-11 23:18:10.375+07,1000594
Bayu,2017-05-08 11:53:32.381+07,1000100
Ricky,2017-05-13 20:06:02.395+07,1000859
Sarah,2017-05-09 14:30:04.917+07,1000290
Sarah,2017-05-11 15:55:03.687+07,1000510
Bayu,2017-05-08 11:14:35.514+07,1000077
Sarah,2017-05-11 13:54:14.956+07,1000488
Mamat,2017-05-14 16:20:49.218+07,1000953
Lila,2017-05-10 14:04:51.87+07,1000369
Lila,2017-05-10 16:22:11.172+07,1000419
Bayu,2017-05-11 11:49:07.638+07,1000468
Sarah,2017-05-12 14:23:26.287+07,1000642
Lila,2017-05-12 19:55:11.466+07,1000707
Mamat,2017-05-13 10:43:32.588+07,1000754
Ricky,2017-05-10 10:46:48.296+07,1000323
Ricky,2017-05-09 15:31:02.972+07,1000297
Mamat,2017-05-13 12:47:45.13+07,1000783
Mamat,2017-05-14 23:16:36.61+07,1001021
Tono,2017-05-10 16:22:10.796+07,1000415
Bayu,2017-05-12 18:20:02.85+07,1000700
Mamat,2017-05-13 15:19:09.587+07,1000801
Mamat,2017-05-13 16:11:01.428+07,1000811
Sarah,2017-05-09 13:34:12.514+07,1000255
Tono,2017-05-09 15:47:32.06+07,1000299
Mamat,2017-05-14 23:16:36.136+07,1001015
Mamat,2017-05-13 15:04:21.845+07,1000797
Ricky,2017-05-12 23:16:33.43+07,1000741
Ricky,2017-05-12 21:13:10.524+07,1000720
Ricky,2017-05-14 13:19:18.032+07,1000925
Mamat,2017-05-13 11:29:02.409+07,1000764
Ricky,2017-05-11 23:18:09.884+07,1000587
Ricky,2017-05-12 20:32:13.221+07,1000714
Mamat,2017-05-13 14:57:38.475+07,1000795
Ricky,2017-05-11 16:49:27.618+07,1000512
Tono,2017-05-08 13:18:11.56+07,1000110
Tono,2017-05-10 17:16:20.372+07,1000425
Mamat,2017-05-13 10:17:26.867+07,1000750
Ricky,2017-05-14 11:06:45.959+07,1000886
Ricky,2017-05-14 10:51:29.374+07,1000880
Ricky,2017-05-14 10:46:06.779+07,1000879
Bayu,2017-05-10 17:29:43.231+07,1000432
Ricky,2017-05-14 11:43:26.891+07,1000892
Ricky,2017-05-10 20:28:59.17+07,1000447
Ricky,2017-05-08 22:09:46.601+07,1000145
Bayu,2017-05-08 11:12:39.121+07,1000035
Bayu,2017-05-12 16:28:14.139+07,1000685
Lila,2017-05-08 14:37:03.826+07,1000136
Mamat,2017-05-14 23:16:36.53+07,1001020
Sarah,2017-05-09 11:08:50.542+07,1000157
Ricky,2017-05-11 20:02:37.448+07,1000540
Ricky,2017-05-11 23:18:09.335+07,1000577
Ricky,2017-05-11 23:18:08.662+07,1000555
Tono,2017-05-08 10:24:50.812+07,1000009
Ricky,2017-05-12 23:16:33.886+07,1000742
Ricky,2017-05-13 20:08:01.844+07,1000861
Mamat,2017-05-14 21:54:41.242+07,1000984
Lila,2017-05-11 14:28:38.988+07,1000491
Bayu,2017-05-10 17:58:49.022+07,1000437
Sarah,2017-05-09 11:48:15.58+07,1000214
Ricky,2017-05-14 12:08:42.045+07,1000893
Ricky,2017-05-10 10:14:35.521+07,1000318
Tono,2017-05-09 11:48:12.286+07,1000167
Tono,2017-05-11 17:55:04.496+07,1000524
Ricky,2017-05-08 23:11:46.601+07,1000147
Mamat,2017-05-13 12:13:01.96+07,1000773
Sarah,2017-05-08 11:12:39.614+07,1000039
Ricky,2017-05-11 23:18:08.956+07,1000562
Ricky,2017-05-13 20:17:15.99+07,1000863
Ricky,2017-05-12 15:05:04.786+07,1000654
Sarah,2017-05-08 11:12:38.126+07,1000021
Mamat,2017-05-08 10:34:07.94+07,1000012
Tono,2017-05-08 16:32:03.123+07,1000142
Bayu,2017-05-11 15:25:05.096+07,1000506
Ricky,2017-05-12 23:17:11.65+07,1000745
Ricky,2017-05-12 13:30:04.192+07,1000623
Mamat,2017-05-13 11:12:02.662+07,1000758
Mamat,2017-05-14 20:04:27.943+07,1000971
Lila,2017-05-10 10:20:04.207+07,1000319
Mamat,2017-05-14 23:58:01.983+07,1001036
Bayu,2017-05-09 13:21:24.184+07,1000246
Tono,2017-05-09 11:48:15.83+07,1000219
Sarah,2017-05-10 12:41:42.176+07,1000351
Lila,2017-05-09 14:03:24.999+07,1000268
Sarah,2017-05-10 14:59:04.472+07,1000385
Sarah,2017-05-10 19:04:06.086+07,1000441
Tono,2017-05-09 12:08:09.587+07,1000226
Ricky,2017-05-13 17:02:22.937+07,1000822
Mamat,2017-05-14 23:16:36.661+07,1001022
Sarah,2017-05-09 11:48:14.924+07,1000203
Ricky,2017-05-11 14:38:53.621+07,1000496
Tono,2017-05-09 11:48:15.636+07,1000215
Ricky,2017-05-11 20:05:53.177+07,1000542
Ricky,2017-05-14 12:08:44.32+07,1000899
Mamat,2017-05-14 22:01:02.548+07,1000986
Sarah,2017-05-11 15:16:26.373+07,1000505
Sarah,2017-05-10 11:29:03.065+07,1000336
Mamat,2017-05-13 14:17:18.656+07,1000790
Bayu,2017-05-09 11:48:13.02+07,1000176
Lila,2017-05-10 19:57:40.783+07,1000444
Tono,2017-05-09 11:48:14.219+07,1000192
Tono,2017-05-09 13:27:37.33+07,1000249
Sarah,2017-05-10 17:27:03.223+07,1000431
Bayu,2017-05-09 13:14:02.741+07,1000241
Tono,2017-05-09 14:30:04.232+07,1000289
Ricky,2017-05-11 21:18:02.091+07,1000550
Mamat,2017-05-14 19:56:02.481+07,1000966
Bayu,2017-05-10 17:21:54.688+07,1000427
Mamat,2017-05-09 11:21:34.398+07,1000161
Mamat,2017-05-14 21:32:02.519+07,1000982
Lila,2017-05-10 15:06:00.803+07,1000388
Mamat,2017-05-13 16:15:47.452+07,1000813
Bayu,2017-05-11 13:57:29.684+07,1000489
Ricky,2017-05-12 23:17:10.832+07,1000743
Bayu,2017-05-09 14:19:38.699+07,1000281
Ricky,2017-05-10 17:36:32.85+07,1000433
Bayu,2017-05-08 11:12:39.529+07,1000038
Ricky,2017-05-13 19:56:22.048+07,1000845
Mamat,2017-05-13 15:35:13.39+07,1000803
Sarah,2017-05-12 17:03:06.074+07,1000694
Tono,2017-05-09 11:48:15.323+07,1000208
Ricky,2017-05-12 23:16:33.114+07,1000740
Lila,2017-05-10 11:34:24.348+07,1000339
Tono,2017-05-08 11:12:40.695+07,1000042
Ricky,2017-05-12 20:28:02.39+07,1000713
Sarah,2017-05-08 11:30:02.941+07,1000093
Ricky,2017-05-13 17:50:13.838+07,1000827
Ricky,2017-05-09 11:49:15.308+07,1000224
Ricky,2017-05-11 17:41:15.243+07,1000522
Ricky,2017-05-11 21:15:16.085+07,1000548
Bayu,2017-05-10 19:30:03.176+07,1000442
Mamat,2017-05-14 23:16:36.024+07,1001014
Mamat,2017-05-14 15:07:15.897+07,1000942
Lila,2017-05-09 11:48:14.603+07,1000198
Mamat,2017-05-14 16:04:34.628+07,1000947
Sarah,2017-05-11 14:37:14.864+07,1000494
Ricky,2017-05-08 11:21:39.724+07,1000085
Sarah,2017-05-10 10:32:58.345+07,1000321
Bayu,2017-05-08 10:19:08.27+07,1000006
Ricky,2017-05-11 23:56:09.736+07,1000600
Ricky,2017-05-14 12:11:58.516+07,1000912
Sarah,2017-05-11 16:57:15.555+07,1000515
Ricky,2017-05-13 19:59:51.12+07,1000849
Mamat,2017-05-13 12:32:12.896+07,1000778
Ricky,2017-05-11 21:17:00.275+07,1000549
Ricky,2017-05-09 11:48:15.761+07,1000218
Mamat,2017-05-14 23:16:35.846+07,1001012
Tono,2017-05-09 11:09:12.898+07,1000158
Ricky,2017-05-14 12:09:24.795+07,1000904
Ricky,2017-05-14 12:09:27.293+07,1000907
Mamat,2017-05-13 11:16:32.572+07,1000761
Mamat,2017-05-14 19:59:02.576+07,1000967
Ricky,2017-05-12 23:16:32.66+07,1000739
Tono,2017-05-09 14:24:39.61+07,1000284
Mamat,2017-05-14 13:50:54.398+07,1000932
Mamat,2017-05-13 11:12:16.348+07,1000759
Ricky,2017-05-11 21:10:40.29+07,1000545
Lila,2017-05-08 13:50:44.522+07,1000121
Ricky,2017-05-14 11:01:53.741+07,1000882
Ricky,2017-05-12 17:17:02.529+07,1000696
Bayu,2017-05-09 11:48:15.31+07,1000207
Ricky,2017-05-12 22:58:24.528+07,1000731
Sarah,2017-05-09 13:12:46.641+07,1000240
Ricky,2017-05-11 23:18:10.497+07,1000597
Bayu,2017-05-08 11:12:38.1+07,1000020
Ricky,2017-05-13 20:03:04.071+07,1000856
Mamat,2017-05-13 15:48:21.921+07,1000807
Ricky,2017-05-11 23:18:09.007+07,1000565
Sarah,2017-05-12 19:39:13.039+07,1000704
Lila,2017-05-12 16:24:47.019+07,1000682
Bayu,2017-05-12 13:27:21.937+07,1000622
Ricky,2017-05-10 14:43:33.013+07,1000378
Sarah,2017-05-10 15:08:57.575+07,1000390
Tono,2017-05-12 19:26:51.403+07,1000703
Ricky,2017-05-13 19:34:46.881+07,1000843
Lila,2017-05-09 12:12:58.976+07,1000230
Lila,2017-05-12 15:36:03.127+07,1000672
Ricky,2017-05-11 23:18:09.906+07,1000588
Lila,2017-05-09 13:18:31.811+07,1000243
Mamat,2017-05-11 14:29:52.724+07,1000492
Ricky,2017-05-08 23:17:46.601+07,1000149
Ricky,2017-05-14 12:08:44.348+07,1000900
Ricky,2017-05-10 12:52:56.722+07,1000353
Ricky,2017-05-11 21:00:02.277+07,1000544
Sarah,2017-05-10 11:37:59.177+07,1000341
Mamat,2017-05-14 17:56:18.302+07,1000960
Mamat,2017-05-13 12:13:01.934+07,1000772
Ricky,2017-05-12 23:16:30.612+07,1000732
Mamat,2017-05-14 23:16:36.225+07,1001017
Bayu,2017-05-11 13:38:34.426+07,1000484
Ricky,2017-05-10 20:31:35.19+07,1000448
Lila,2017-05-10 15:31:46.276+07,1000404
Sarah,2017-05-09 11:48:12.285+07,1000166
Ricky,2017-05-11 23:29:34.201+07,1000599
Ricky,2017-05-13 16:55:28.389+07,1000821
Ricky,2017-05-08 13:21:01.814+07,1000111
Ricky,2017-05-11 21:13:02.868+07,1000547
Tono,2017-05-09 14:48:59.698+07,1000294
Ricky,2017-05-08 10:09:49.623+07,1000002
Mamat,2017-05-14 22:39:27.332+07,1000993
Bayu,2017-05-08 11:14:32.977+07,1000056
Ricky,2017-05-08 13:41:57.515+07,1000117
Tono,2017-05-11 16:54:01.05+07,1000514
Ricky,2017-05-13 19:59:51.25+07,1000851
Mamat,2017-05-14 23:58:01.825+07,1001035
Lila,2017-05-08 11:12:40.793+07,1000044
Sarah,2017-05-12 13:23:33.277+07,1000621
Sarah,2017-05-08 11:12:38.411+07,1000024
Ricky,2017-05-12 21:05:15.888+07,1000719
Bayu,2017-05-10 15:30:09.087+07,1000402
Mamat,2017-05-12 15:17:40.669+07,1000661
Ricky,2017-05-10 23:17:38.607+07,1000455
Ricky,2017-05-12 23:16:31.893+07,1000737
Ricky,2017-05-14 12:08:42.235+07,1000896
Mamat,2017-05-13 12:15:33.188+07,1000776
Tono,2017-05-12 17:36:35.743+07,1000698
Mamat,2017-05-14 16:04:41.766+07,1000948
Ricky,2017-05-11 23:18:10.203+07,1000591
Ricky,2017-05-13 19:58:47.349+07,1000846
Tono,2017-05-08 11:14:35.306+07,1000075
Mamat,2017-05-09 13:09:27.562+07,1000238
Sarah,2017-05-09 11:48:12.903+07,1000174
Ricky,2017-05-13 18:08:02.968+07,1000829
Mamat,2017-05-13 13:53:42.578+07,1000787
Lila,2017-05-09 13:00:04.724+07,1000235
Bayu,2017-05-12 14:38:09.395+07,1000648
Ricky,2017-05-08 12:37:36.683+07,1000104
Ricky,2017-05-09 23:17:46.601+07,1000316
Bayu,2017-05-09 11:48:14.765+07,1000201
Bayu,2017-05-10 15:26:42.253+07,1000397
Bayu,2017-05-10 10:44:52.758+07,1000322
Ricky,2017-05-13 16:52:12.281+07,1000820
Sarah,2017-05-09 11:48:14.428+07,1000195
Sarah,2017-05-10 17:20:17.537+07,1000426
Ricky,2017-05-13 19:59:51.154+07,1000850
Mamat,2017-05-13 12:12:05.156+07,1000770
Bayu,2017-05-09 11:48:13.295+07,1000180
Ricky,2017-05-09 21:35:05.714+07,1000311
Mamat,2017-05-14 16:03:34.691+07,1000946
Bayu,2017-05-08 11:12:38.026+07,1000019
Tono,2017-05-12 15:19:33.685+07,1000663
Sarah,2017-05-10 15:29:02.654+07,1000401
Ricky,2017-05-11 23:18:09.324+07,1000576
Ricky,2017-05-08 11:14:35.008+07,1000074
Sarah,2017-05-09 12:15:52.686+07,1000232
Ricky,2017-05-10 21:57:02.403+07,1000450
Ricky,2017-05-13 20:29:59.724+07,1000866
Bayu,2017-05-08 10:01:41.785+07,1000000
Tono,2017-05-09 14:10:47.885+07,1000274
Lila,2017-05-12 11:26:47.897+07,1000614
Lila,2017-05-08 15:16:21.657+07,1000138
Tono,2017-05-10 10:30:45.068+07,1000320
Lila,2017-05-08 11:14:33.31+07,1000059
Ricky,2017-05-13 19:30:23.072+07,1000841
Ricky,2017-05-13 19:59:51.306+07,1000853
Tono,2017-05-09 11:48:12.699+07,1000171
Sarah,2017-05-10 15:54:03.206+07,1000411
Bayu,2017-05-11 10:32:47.99+07,1000463
Ricky,2017-05-08 11:12:39.096+07,1000034
Lila,2017-05-08 11:40:37.448+07,1000097
Tono,2017-05-10 17:27:03.06+07,1000430
Lila,2017-05-09 13:29:43.047+07,1000253
Lila,2017-05-09 11:48:15.891+07,1000220
Mamat,2017-05-14 18:04:02.902+07,1000964
Ricky,2017-05-12 14:28:59.58+07,1000644
Tono,2017-05-10 11:00:14.887+07,1000325
Ricky,2017-05-11 23:18:09.068+07,1000569
Bayu,2017-05-11 10:06:52.775+07,1000458
Sarah,2017-05-08 10:22:52.168+07,1000008
Lila,2017-05-10 17:40:45.203+07,1000434
Lila,2017-05-12 12:21:26.027+07,1000619
Ricky,2017-05-10 11:33:13.232+07,1000338
Ricky,2017-05-11 15:34:11.385+07,1000507
Mamat,2017-05-09 13:04:14.767+07,1000236
Mamat,2017-05-14 16:44:47.826+07,1000955
Mamat,2017-05-13 12:50:17.562+07,1000784
Sarah,2017-05-12 13:55:32.921+07,1000631
Lila,2017-05-09 11:48:13.077+07,1000177
Ricky,2017-05-12 20:35:44.688+07,1000716
Tono,2017-05-10 14:28:42.83+07,1000375
Mamat,2017-05-14 15:15:11.454+07,1000944
Lila,2017-05-11 13:04:01.58+07,1000475
Sarah,2017-05-09 14:19:26.946+07,1000280
Ricky,2017-05-10 23:17:37.607+07,1000453
Ricky,2017-05-12 23:16:31.106+07,1000733
Lila,2017-05-08 11:14:34.435+07,1000070
Ricky,2017-05-09 23:17:45.965+07,1000315
Ricky,2017-05-10 11:07:44.06+07,1000328
Ricky,2017-05-12 21:24:17.932+07,1000721
Lila,2017-05-12 13:30:10.94+07,1000624
Tono,2017-05-08 11:12:38.643+07,1000027
Bayu,2017-05-10 15:40:30.639+07,1000407
Ricky,2017-05-11 23:56:09.869+07,1000601
Mamat,2017-05-14 23:24:48.501+07,1001028
Mamat,2017-05-13 15:45:28.864+07,1000806
Bayu,2017-05-08 13:54:58.963+07,1000124
Lila,2017-05-11 16:53:04.785+07,1000513
Mamat,2017-05-14 20:04:28.255+07,1000975
Tono,2017-05-09 13:31:10.058+07,1000254
Tono,2017-05-09 11:29:59.569+07,1000163
Sarah,2017-05-12 15:29:49.058+07,1000669
Lila,2017-05-09 11:04:49.924+07,1000152
Sarah,2017-05-08 11:14:32.546+07,1000052
Tono,2017-05-10 13:02:25.701+07,1000355
Ricky,2017-05-14 12:08:44.144+07,1000897
Mamat,2017-05-14 14:08:08.69+07,1000935
Ricky,2017-05-09 14:14:59.755+07,1000277
Sarah,2017-05-11 14:53:27.938+07,1000499
Tono,2017-05-12 14:48:03.781+07,1000651
Bayu,2017-05-11 13:23:12.25+07,1000479
Bayu,2017-05-09 11:48:15.413+07,1000210
Tono,2017-05-09 14:18:09.579+07,1000279
Ricky,2017-05-12 16:49:03.21+07,1000691
Ricky,2017-05-12 21:24:36.713+07,1000722
Bayu,2017-05-11 16:19:59.246+07,1000511
Mamat,2017-05-14 17:43:11.735+07,1000958
Lila,2017-05-12 14:18:21.43+07,1000640
Mamat,2017-05-13 12:46:50.284+07,1000782
Bayu,2017-05-09 12:09:28.249+07,1000228
Ricky,2017-05-12 14:39:22.751+07,1000649
Sarah,2017-05-12 11:23:47.305+07,1000606
Ricky,2017-05-10 20:00:37.751+07,1000446
Mamat,2017-05-14 23:16:36.855+07,1001025
Ricky,2017-05-13 19:06:25.503+07,1000838
Tono,2017-05-09 11:48:14.701+07,1000200
Ricky,2017-05-13 20:02:25.177+07,1000855
Ricky,2017-05-10 15:27:16.174+07,1000398
Ricky,2017-05-11 15:07:45.842+07,1000501
Sarah,2017-05-09 11:48:13.208+07,1000178
Sarah,2017-05-08 14:18:29.282+07,1000131
Ricky,2017-05-11 23:18:09.196+07,1000571
Mamat,2017-05-13 12:08:02.055+07,1000768
Ricky,2017-05-14 12:09:24.853+07,1000905
Bayu,2017-05-10 15:55:09.196+07,1000412
Ricky,2017-05-10 16:58:40.097+07,1000423
Sarah,2017-05-10 14:49:31.285+07,1000381
Mamat,2017-05-14 15:03:53.974+07,1000941
Sarah,2017-05-09 11:48:15.394+07,1000209
Lila,2017-05-09 11:48:13.715+07,1000185
Lila,2017-05-10 12:53:03.441+07,1000354
Ricky,2017-05-10 23:17:37.258+07,1000452
Ricky,2017-05-11 23:18:10.444+07,1000595
Bayu,2017-05-12 14:58:39.295+07,1000653
Ricky,2017-05-14 10:07:39.871+07,1000868
Lila,2017-05-10 15:13:49.923+07,1000393
Bayu,2017-05-10 10:06:14.086+07,1000317
Mamat,2017-05-14 22:42:02.485+07,1000994
Lila,2017-05-09 11:48:14.886+07,1000202
Ricky,2017-05-11 23:18:10.516+07,1000598
Tono,2017-05-08 11:12:38.713+07,1000028
Lila,2017-05-09 11:48:14.056+07,1000189
Lila,2017-05-12 14:46:09.918+07,1000650
Ricky,2017-05-11 22:15:01.883+07,1000551
Tono,2017-05-09 11:01:32.034+07,1000150
Tono,2017-05-12 13:39:06.914+07,1000625
Sarah,2017-05-12 15:37:19.223+07,1000674
Ricky,2017-05-09 13:29:03.864+07,1000252
Ricky,2017-05-10 11:45:59.302+07,1000343
Mamat,2017-05-13 10:08:16.696+07,1000748
Bayu,2017-05-12 15:38:54.856+07,1000675
Lila,2017-05-09 11:48:12.471+07,1000169
Bayu,2017-05-12 13:57:58.113+07,1000632
Ricky,2017-05-14 12:46:30.298+07,1000919
Ricky,2017-05-08 16:05:14.399+07,1000139
Bayu,2017-05-09 11:48:15.088+07,1000205
Bayu,2017-05-08 13:47:39.418+07,1000119
Lila,2017-05-11 13:41:35.903+07,1000486
Mamat,2017-05-13 11:10:54.673+07,1000757
Ricky,2017-05-13 20:06:02.881+07,1000860
Ricky,2017-05-09 13:16:30.484+07,1000242
